<?xml version="1.0" encoding="UTF-8"?>
<AnyConnectProfile xmlns="http://schemas.xmlsoap.org/encoding/" xmlns:xsi="http://www.w3.org/2001/XMLSchema-instance" xsi:schemaLocation="http://schemas.xmlsoap.org/encoding/ AnyConnectProfile.xsd">
	<ClientInitialization>
		<UseStartBeforeLogon UserControllable="true">false</UseStartBeforeLogon>
		<AutomaticCertSelection UserControllable="true">true</AutomaticCertSelection>
		<ShowPreConnectMessage>false</ShowPreConnectMessage>
		<CertificateStore>All</CertificateStore>
		<CertificateStoreMac>All</CertificateStoreMac>
		<CertificateStoreOverride>false</CertificateStoreOverride>
		<ProxySettings>Native</ProxySettings>
		<AllowLocalProxyConnections>true</AllowLocalProxyConnections>
		<AuthenticationTimeout>12</AuthenticationTimeout>
		<AutoConnectOnStart UserControllable="true">false</AutoConnectOnStart>
		<MinimizeOnConnect UserControllable="true">true</MinimizeOnConnect>
		<LocalLanAccess UserControllable="true">false</LocalLanAccess>
		<DisableCaptivePortalDetection UserControllable="true">false</DisableCaptivePortalDetection>
		<ClearSmartcardPin UserControllable="true">true</ClearSmartcardPin>
		<IPProtocolSupport>IPv4,IPv6</IPProtocolSupport>
		<AutoReconnect UserControllable="false">true
			<AutoReconnectBehavior UserControllable="false">ReconnectAfterResume</AutoReconnectBehavior>
		</AutoReconnect>
		<AutoUpdate UserControllable="false">true</AutoUpdate>
		<RSASecurIDIntegration UserControllable="false">Automatic</RSASecurIDIntegration>
		<WindowsLogonEnforcement>SingleLocalLogon</WindowsLogonEnforcement>
		<WindowsVPNEstablishment>LocalUsersOnly</WindowsVPNEstablishment>
		<AutomaticVPNPolicy>true
			<TrustedDNSDomains>corp.danamon.co.id</TrustedDNSDomains>
			<TrustedNetworkPolicy>Disconnect</TrustedNetworkPolicy>
			<UntrustedNetworkPolicy>Connect</UntrustedNetworkPolicy>
			<AlwaysOn>true
				<ConnectFailurePolicy>Closed
					<AllowCaptivePortalRemediation>false
						<CaptivePortalRemediationTimeout>5</CaptivePortalRemediationTimeout>
					</AllowCaptivePortalRemediation>
					<ApplyLastVPNLocalResourceRules>false</ApplyLastVPNLocalResourceRules>
				</ConnectFailurePolicy>
				<AllowVPNDisconnect>false</AllowVPNDisconnect>
			</AlwaysOn>
		</AutomaticVPNPolicy>
		<PPPExclusion UserControllable="false">Disable
			<PPPExclusionServerIP UserControllable="false"></PPPExclusionServerIP>
		</PPPExclusion>
		<EnableScripting UserControllable="false">false</EnableScripting>
		<EnableAutomaticServerSelection UserControllable="false">false
			<AutoServerSelectionImprovement>20</AutoServerSelectionImprovement>
			<AutoServerSelectionSuspendTime>4</AutoServerSelectionSuspendTime>
		</EnableAutomaticServerSelection>
		<RetainVpnOnLogoff>false
		</RetainVpnOnLogoff>
		<AllowManualHostInput>false</AllowManualHostInput>
	</ClientInitialization>
	<ServerList>
		<HostEntry>
			<HostName>vpn.danamon.co.id</HostName>
			<HostAddress>vpn.danamon.co.id</HostAddress>
		</HostEntry>
	</ServerList>
</AnyConnectProfile>
