<?xml version="1.0" encoding="UTF-8"?>
<AnyConnectPreferences>
<DefaultUser></DefaultUser>
<DefaultSecondUser></DefaultSecondUser>
<ClientCertificateThumbprint></ClientCertificateThumbprint>
<MultipleClientCertificateThumbprints></MultipleClientCertificateThumbprints>
<ServerCertificateThumbprint></ServerCertificateThumbprint>
<DefaultHostName>vpn.danamon.co.id</DefaultHostName>
<DefaultHostAddress></DefaultHostAddress>
<DefaultGroup>alwaysondanamon</DefaultGroup>
<ProxyHost></ProxyHost>
<ProxyPort></ProxyPort>
<SDITokenType>none</SDITokenType>
<ControllablePreferences></ControllablePreferences>
</AnyConnectPreferences>
